-- phpMyAdmin SQL Dump
-- version 5.0.4
-- https://www.phpmyadmin.net/
--
-- Host: 127.0.0.1
-- Waktu pembuatan: 08 Sep 2021 pada 12.17
-- Versi server: 10.4.14-MariaDB
-- Versi PHP: 7.4.13

SET SQL_MODE = "NO_AUTO_VALUE_ON_ZERO";
START TRANSACTION;
SET time_zone = "+00:00";


/*!40101 SET @OLD_CHARACTER_SET_CLIENT=@@CHARACTER_SET_CLIENT */;
/*!40101 SET @OLD_CHARACTER_SET_RESULTS=@@CHARACTER_SET_RESULTS */;
/*!40101 SET @OLD_COLLATION_CONNECTION=@@COLLATION_CONNECTION */;
/*!40101 SET NAMES utf8mb4 */;

--
-- Database: `data_mining_k_medoids`
--

-- --------------------------------------------------------

--
-- Struktur dari tabel `centroid_temp`
--

CREATE TABLE `centroid_temp` (
  `id` int(11) NOT NULL,
  `jenis` varchar(15) NOT NULL,
  `iterasi` int(11) NOT NULL,
  `c` varchar(5) NOT NULL
) ENGINE=InnoDB DEFAULT CHARSET=latin1;

--
-- Dumping data untuk tabel `centroid_temp`
--

INSERT INTO `centroid_temp` (`id`, `jenis`, `iterasi`, `c`) VALUES
(1, 'M', 1, 'c1'),
(2, 'M', 1, 'c1'),
(3, 'M', 1, 'c1'),
(4, 'M', 1, 'c1'),
(5, 'M', 1, 'c1'),
(6, 'M', 1, 'c1'),
(7, 'M', 1, 'c1'),
(8, 'M', 1, 'c1'),
(9, 'M', 1, 'c3'),
(10, 'M', 1, 'c2'),
(11, 'M', 1, 'c3'),
(12, 'M', 1, 'c3'),
(13, 'M', 1, 'c3'),
(14, 'M', 1, 'c3'),
(15, 'M', 1, 'c1'),
(16, 'M', 1, 'c2'),
(17, 'M', 1, 'c2'),
(18, 'M', 1, 'c2'),
(19, 'M', 1, 'c1'),
(20, 'M', 1, 'c1'),
(21, 'M', 1, 'c3'),
(22, 'M', 1, 'c3'),
(23, 'M', 1, 'c3'),
(24, 'M', 1, 'c3'),
(25, 'M', 1, 'c1'),
(26, 'M', 1, 'c2'),
(27, 'M', 1, 'c3'),
(28, 'M', 1, 'c2'),
(29, 'M', 1, 'c3'),
(30, 'M', 1, 'c2'),
(31, 'M', 1, 'c2'),
(32, 'NM', 1, 'c3'),
(33, 'NM', 1, 'c3'),
(34, 'NM', 1, 'c3'),
(35, 'NM', 1, 'c3'),
(36, 'NM', 1, 'c3'),
(37, 'NM', 1, 'c3'),
(38, 'NM', 1, 'c3'),
(39, 'NM', 1, 'c3'),
(40, 'NM', 1, 'c2'),
(41, 'NM', 1, 'c2'),
(42, 'NM', 1, 'c1'),
(43, 'NM', 1, 'c1'),
(44, 'NM', 1, 'c1'),
(45, 'NM', 1, 'c2'),
(46, 'NM', 1, 'c3'),
(47, 'NM', 1, 'c2'),
(48, 'NM', 1, 'c2'),
(49, 'NM', 1, 'c2'),
(50, 'NM', 1, 'c3'),
(51, 'NM', 1, 'c3'),
(52, 'NM', 1, 'c2'),
(53, 'NM', 1, 'c2'),
(54, 'NM', 1, 'c2'),
(55, 'NM', 1, 'c1'),
(56, 'NM', 1, 'c3'),
(57, 'NM', 1, 'c2'),
(58, 'NM', 1, 'c2'),
(59, 'NM', 1, 'c2'),
(60, 'NM', 1, 'c2'),
(61, 'NM', 1, 'c2'),
(62, 'NM', 1, 'c2');

-- --------------------------------------------------------

--
-- Struktur dari tabel `covid`
--

CREATE TABLE `covid` (
  `id_covid` int(11) NOT NULL,
  `fk_kelurahan` varchar(256) NOT NULL,
  `positif` varchar(10) NOT NULL,
  `sembuh` varchar(10) NOT NULL,
  `meninggal` varchar(10) NOT NULL,
  `tanggal` varchar(255) NOT NULL
) ENGINE=InnoDB DEFAULT CHARSET=utf8mb4;

--
-- Dumping data untuk tabel `covid`
--

INSERT INTO `covid` (`id_covid`, `fk_kelurahan`, `positif`, `sembuh`, `meninggal`, `tanggal`) VALUES
(2, '1', '0', '323', '1', '2021-08-28'),
(3, '3', '9', '229', '1', '2021-08-25'),
(4, '2', '1', '90', '0', '2021-08-25'),
(5, '4', '1', '100', '0', '2021-08-24'),
(6, '5', '2', '200', '1', '2021-08-25'),
(7, '7', '4', '99', '1', '2021-08-25'),
(8, '711502', '0', '50', '1', '2021-08-25'),
(9, '711502', '1', '78', '0', '2021-08-28'),
(10, '8', '1', '100', '0', '2021-08-24'),
(11, '9', '2', '200', '1', '2021-08-25'),
(13, '71150', '1', '100', '0', '2021-08-24'),
(14, '711502', '2', '200', '1', '2021-08-25'),
(15, '71150', '100', '100', '15', '2021-08-24'),
(16, '711502', '156', '321', '20', '2021-08-25'),
(17, '1', '2046', '1997', '40', '2021-08-25'),
(18, '2', '1426', '1393', '25', '2021-08-25'),
(19, '3', '2985', '2905', '64', '2021-08-25'),
(20, '4', '4054', '3940', '72', '2021-08-25'),
(21, '5', '3034', '2964', '52', '2021-08-25'),
(22, '7', '1726', '1684', '29', '2021-08-25'),
(23, '8', '700', '681', '13', '2021-08-25'),
(24, '9', '1441', '1408', '26', '2021-08-25'),
(25, '10', '1100', '1071', '21', '2021-08-25'),
(26, '1', '1205', '1181', '13', '2021-08-25'),
(27, '2', '508', '498', '7', '2021-08-25'),
(28, '3', '660', '647', '8', '2021-08-25'),
(29, '4', '1949', '1900', '35', '2021-08-25'),
(30, '5', '1698', '1645', '36', '2021-08-25'),
(31, '7', '1926', '1882', '39', '2021-08-25'),
(32, '8', '3936', '3847', '64', '2021-08-25'),
(33, '9', '721', '702', '16', '2021-08-25'),
(34, '10', '1460', '1425', '29', '2021-08-25'),
(35, '1', '1877', '1822', '35', '2021-08-25'),
(36, '2', '1655', '1616', '24', '2021-08-25'),
(37, '3', '1883', '1837', '35', '2021-08-25'),
(38, '4', '1628', '1576', '40', '2021-08-25'),
(39, '5', '952', '934', '11', '2021-08-25');

-- --------------------------------------------------------

--
-- Struktur dari tabel `hasil_iterasi`
--

CREATE TABLE `hasil_iterasi` (
  `id` int(11) NOT NULL,
  `iterasi` int(11) NOT NULL,
  `total_medoids` double NOT NULL,
  `total_non_medoids` double NOT NULL,
  `selisih` double NOT NULL
) ENGINE=InnoDB DEFAULT CHARSET=latin1;

--
-- Dumping data untuk tabel `hasil_iterasi`
--

INSERT INTO `hasil_iterasi` (`id`, `iterasi`, `total_medoids`, `total_non_medoids`, `selisih`) VALUES
(1, 1, 129291.39581713, 171133.56101617, 41842.165199042);

-- --------------------------------------------------------

--
-- Struktur dari tabel `hasil_klaster`
--

CREATE TABLE `hasil_klaster` (
  `id_klaster` int(11) NOT NULL,
  `fk_tanaman` int(11) NOT NULL,
  `c` varchar(10) NOT NULL
) ENGINE=InnoDB DEFAULT CHARSET=latin1;

--
-- Dumping data untuk tabel `hasil_klaster`
--

INSERT INTO `hasil_klaster` (`id_klaster`, `fk_tanaman`, `c`) VALUES
(1, 305, 'c1'),
(2, 306, 'c1'),
(3, 307, 'c2'),
(4, 308, 'c2'),
(5, 309, 'c1'),
(6, 310, 'c1'),
(7, 311, 'c1'),
(8, 312, 'c1'),
(9, 313, 'c1'),
(10, 314, 'c1'),
(11, 315, 'c1'),
(12, 316, 'c1'),
(13, 317, 'c1'),
(14, 318, 'c1'),
(15, 319, 'c2'),
(16, 320, 'c1'),
(17, 321, 'c1'),
(18, 322, 'c1'),
(19, 323, 'c2'),
(20, 1, 'c2'),
(21, 2, 'c1'),
(22, 3, 'c2'),
(23, 4, 'c2'),
(24, 5, 'c1'),
(25, 6, 'c1'),
(26, 7, 'c1'),
(27, 8, 'c2'),
(28, 9, 'c1'),
(29, 10, 'c1'),
(30, 11, 'c1'),
(31, 12, 'c1'),
(32, 13, 'c1'),
(33, 14, 'c1'),
(34, 15, 'c2'),
(35, 16, 'c2'),
(36, 17, 'c1'),
(37, 18, 'c1'),
(38, 19, 'c2'),
(39, 324, 'c2'),
(40, 1, 'c2'),
(41, 2, 'c2'),
(42, 3, 'c3'),
(43, 4, 'c3'),
(44, 5, 'c1'),
(45, 6, 'c1'),
(46, 7, 'c1'),
(47, 8, 'c2'),
(48, 9, 'c1'),
(49, 10, 'c2'),
(50, 11, 'c2'),
(51, 12, 'c1'),
(52, 13, 'c1'),
(53, 14, 'c2'),
(54, 15, 'c3'),
(55, 16, 'c2'),
(56, 17, 'c2'),
(57, 18, 'c2'),
(58, 19, 'c3'),
(59, 324, 'c3'),
(60, 1, 'c6'),
(61, 2, 'c2'),
(62, 3, 'c7'),
(63, 4, 'c5'),
(64, 5, 'c3'),
(65, 6, 'c8'),
(66, 7, 'c8'),
(67, 8, 'c6'),
(68, 9, 'c8'),
(69, 10, 'c2'),
(70, 11, 'c2'),
(71, 12, 'c3'),
(72, 13, 'c8'),
(73, 14, 'c6'),
(74, 15, 'c4'),
(75, 16, 'c1'),
(76, 17, 'c3'),
(77, 18, 'c3'),
(78, 19, 'c4'),
(79, 324, 'c5'),
(80, 1, 'c1'),
(81, 2, 'c1'),
(82, 3, 'c1'),
(83, 4, 'c1'),
(84, 5, 'c1'),
(85, 6, 'c2'),
(86, 7, 'c2'),
(87, 8, 'c1'),
(88, 9, 'c2'),
(89, 10, 'c1'),
(90, 11, 'c1'),
(91, 12, 'c1'),
(92, 13, 'c2'),
(93, 14, 'c1'),
(94, 15, 'c1'),
(95, 16, 'c1'),
(96, 17, 'c1'),
(97, 18, 'c1'),
(98, 19, 'c1'),
(99, 324, 'c1'),
(100, 1, 'c1'),
(101, 2, 'c1'),
(102, 3, 'c1'),
(103, 4, 'c1'),
(104, 5, 'c1'),
(105, 6, 'c2'),
(106, 7, 'c2'),
(107, 8, 'c1'),
(108, 9, 'c2'),
(109, 10, 'c1'),
(110, 11, 'c1'),
(111, 12, 'c1'),
(112, 13, 'c2'),
(113, 14, 'c1'),
(114, 15, 'c1'),
(115, 16, 'c1'),
(116, 17, 'c1'),
(117, 18, 'c1'),
(118, 19, 'c1'),
(119, 324, 'c1'),
(120, 1, 'c1'),
(121, 2, 'c1'),
(122, 3, 'c1'),
(123, 4, 'c1'),
(124, 5, 'c1'),
(125, 6, 'c2'),
(126, 7, 'c2'),
(127, 8, 'c1'),
(128, 9, 'c2'),
(129, 10, 'c1'),
(130, 11, 'c1'),
(131, 12, 'c1'),
(132, 13, 'c2'),
(133, 14, 'c1'),
(134, 15, 'c1'),
(135, 16, 'c1'),
(136, 17, 'c1'),
(137, 18, 'c1'),
(138, 19, 'c1'),
(139, 324, 'c1'),
(140, 1, 'c1'),
(141, 2, 'c2'),
(142, 3, 'c1'),
(143, 4, 'c1'),
(144, 5, 'c2'),
(145, 6, 'c2'),
(146, 7, 'c2'),
(147, 8, 'c1'),
(148, 9, 'c2'),
(149, 10, 'c2'),
(150, 11, 'c2'),
(151, 12, 'c2'),
(152, 13, 'c2'),
(153, 14, 'c1'),
(154, 15, 'c1'),
(155, 16, 'c1'),
(156, 17, 'c2'),
(157, 18, 'c2'),
(158, 19, 'c1'),
(159, 324, 'c1'),
(160, 1, 'c1'),
(161, 2, 'c2'),
(162, 3, 'c1'),
(163, 4, 'c1'),
(164, 5, 'c2'),
(165, 6, 'c2'),
(166, 7, 'c2'),
(167, 8, 'c1'),
(168, 9, 'c2'),
(169, 10, 'c2'),
(170, 11, 'c2'),
(171, 12, 'c2'),
(172, 13, 'c2'),
(173, 14, 'c1'),
(174, 15, 'c1'),
(175, 16, 'c1'),
(176, 17, 'c2'),
(177, 18, 'c2'),
(178, 19, 'c1'),
(179, 324, 'c1'),
(180, 1, 'c1'),
(181, 2, 'c2'),
(182, 3, 'c1'),
(183, 4, 'c1'),
(184, 5, 'c2'),
(185, 6, 'c2'),
(186, 7, 'c2'),
(187, 8, 'c1'),
(188, 9, 'c2'),
(189, 10, 'c2'),
(190, 11, 'c2'),
(191, 12, 'c2'),
(192, 13, 'c2'),
(193, 14, 'c1'),
(194, 15, 'c1'),
(195, 16, 'c1'),
(196, 17, 'c2'),
(197, 18, 'c2'),
(198, 19, 'c1'),
(199, 324, 'c1'),
(200, 1, 'c2'),
(201, 2, 'c1'),
(202, 3, 'c2'),
(203, 4, 'c2'),
(204, 5, 'c1'),
(205, 6, 'c1'),
(206, 7, 'c1'),
(207, 8, 'c1'),
(208, 9, 'c1'),
(209, 10, 'c1'),
(210, 11, 'c1'),
(211, 12, 'c1'),
(212, 13, 'c1'),
(213, 14, 'c1'),
(214, 15, 'c2'),
(215, 16, 'c1'),
(216, 17, 'c1'),
(217, 18, 'c1'),
(218, 19, 'c2'),
(219, 324, 'c2'),
(220, 1, 'c2'),
(221, 2, 'c1'),
(222, 3, 'c2'),
(223, 4, 'c2'),
(224, 5, 'c1'),
(225, 6, 'c1'),
(226, 7, 'c1'),
(227, 8, 'c1'),
(228, 9, 'c1'),
(229, 10, 'c1'),
(230, 11, 'c1'),
(231, 12, 'c1'),
(232, 13, 'c1'),
(233, 14, 'c1'),
(234, 15, 'c2'),
(235, 16, 'c1'),
(236, 17, 'c1'),
(237, 18, 'c1'),
(238, 19, 'c2'),
(239, 324, 'c2'),
(240, 1, 'c2'),
(241, 2, 'c1'),
(242, 3, 'c2'),
(243, 4, 'c2'),
(244, 5, 'c1'),
(245, 6, 'c1'),
(246, 7, 'c1'),
(247, 8, 'c1'),
(248, 9, 'c1'),
(249, 10, 'c1'),
(250, 11, 'c1'),
(251, 12, 'c1'),
(252, 13, 'c1'),
(253, 14, 'c1'),
(254, 15, 'c2'),
(255, 16, 'c1'),
(256, 17, 'c1'),
(257, 18, 'c1'),
(258, 19, 'c2'),
(259, 324, 'c2'),
(260, 1, 'c2'),
(261, 2, 'c1'),
(262, 3, 'c2'),
(263, 4, 'c2'),
(264, 5, 'c1'),
(265, 6, 'c1'),
(266, 7, 'c1'),
(267, 8, 'c1'),
(268, 9, 'c1'),
(269, 10, 'c1'),
(270, 11, 'c1'),
(271, 12, 'c1'),
(272, 13, 'c1'),
(273, 14, 'c1'),
(274, 15, 'c2'),
(275, 16, 'c1'),
(276, 17, 'c1'),
(277, 18, 'c1'),
(278, 19, 'c2'),
(279, 324, 'c2'),
(280, 1, 'c2'),
(281, 2, 'c1'),
(282, 3, 'c2'),
(283, 4, 'c2'),
(284, 5, 'c1'),
(285, 6, 'c1'),
(286, 7, 'c1'),
(287, 8, 'c1'),
(288, 9, 'c1'),
(289, 10, 'c1'),
(290, 11, 'c1'),
(291, 12, 'c1'),
(292, 13, 'c1'),
(293, 14, 'c1'),
(294, 15, 'c2'),
(295, 16, 'c1'),
(296, 17, 'c1'),
(297, 18, 'c1'),
(298, 19, 'c2'),
(299, 324, 'c2'),
(300, 1, 'c2'),
(301, 2, 'c1'),
(302, 3, 'c2'),
(303, 4, 'c2'),
(304, 5, 'c1'),
(305, 6, 'c1'),
(306, 7, 'c1'),
(307, 8, 'c1'),
(308, 9, 'c1'),
(309, 10, 'c1'),
(310, 11, 'c1'),
(311, 12, 'c1'),
(312, 13, 'c1'),
(313, 14, 'c1'),
(314, 15, 'c2'),
(315, 16, 'c1'),
(316, 17, 'c1'),
(317, 18, 'c1'),
(318, 19, 'c2'),
(319, 324, 'c2'),
(320, 1, 'c1'),
(321, 2, 'c2'),
(322, 3, 'c1'),
(323, 4, 'c1'),
(324, 5, 'c2'),
(325, 6, 'c2'),
(326, 7, 'c2'),
(327, 8, 'c2'),
(328, 9, 'c2'),
(329, 10, 'c2'),
(330, 11, 'c2'),
(331, 12, 'c2'),
(332, 13, 'c2'),
(333, 14, 'c2'),
(334, 15, 'c1'),
(335, 16, 'c2'),
(336, 17, 'c2'),
(337, 18, 'c2'),
(338, 19, 'c1'),
(339, 324, 'c1'),
(340, 1, 'c1'),
(341, 2, 'c2'),
(342, 3, 'c1'),
(343, 4, 'c1'),
(344, 5, 'c3'),
(345, 6, 'c3'),
(346, 7, 'c3'),
(347, 8, 'c2'),
(348, 9, 'c3'),
(349, 10, 'c2'),
(350, 11, 'c2'),
(351, 12, 'c3'),
(352, 13, 'c3'),
(353, 14, 'c2'),
(354, 15, 'c1'),
(355, 16, 'c2'),
(356, 17, 'c2'),
(357, 18, 'c3'),
(358, 19, 'c1'),
(359, 324, 'c1'),
(360, 1, 'c1'),
(361, 2, 'c1'),
(362, 3, 'c1'),
(363, 4, 'c1'),
(364, 5, 'c2'),
(365, 6, 'c2'),
(366, 7, 'c2'),
(367, 8, 'c1'),
(368, 9, 'c2'),
(369, 10, 'c1'),
(370, 11, 'c1'),
(371, 12, 'c2'),
(372, 13, 'c2'),
(373, 14, 'c1'),
(374, 15, 'c1'),
(375, 16, 'c1'),
(376, 17, 'c1'),
(377, 18, 'c1'),
(378, 19, 'c1'),
(379, 324, 'c1');

-- --------------------------------------------------------

--
-- Struktur dari tabel `hasil_klaster1`
--

CREATE TABLE `hasil_klaster1` (
  `id_klaster` int(11) NOT NULL,
  `fk_covid` int(11) NOT NULL,
  `c` varchar(10) NOT NULL
) ENGINE=InnoDB DEFAULT CHARSET=utf8mb4;

--
-- Dumping data untuk tabel `hasil_klaster1`
--

INSERT INTO `hasil_klaster1` (`id_klaster`, `fk_covid`, `c`) VALUES
(1, 3, 'c1'),
(2, 4, 'c1'),
(3, 6, 'c1'),
(4, 7, 'c1'),
(5, 8, 'c1'),
(6, 11, 'c1'),
(7, 14, 'c1'),
(8, 16, 'c1'),
(9, 17, 'c3'),
(10, 18, 'c2'),
(11, 19, 'c3'),
(12, 20, 'c3'),
(13, 21, 'c3'),
(14, 22, 'c3'),
(15, 23, 'c1'),
(16, 24, 'c2'),
(17, 25, 'c2'),
(18, 26, 'c2'),
(19, 27, 'c1'),
(20, 28, 'c1'),
(21, 29, 'c3'),
(22, 30, 'c3'),
(23, 31, 'c3'),
(24, 32, 'c3'),
(25, 33, 'c1'),
(26, 34, 'c2'),
(27, 35, 'c3'),
(28, 36, 'c2'),
(29, 37, 'c3'),
(30, 38, 'c2'),
(31, 39, 'c2');

-- --------------------------------------------------------

--
-- Struktur dari tabel `hasil_pengujian`
--

CREATE TABLE `hasil_pengujian` (
  `id` int(11) NOT NULL,
  `c` int(11) NOT NULL,
  `si` double NOT NULL
) ENGINE=InnoDB DEFAULT CHARSET=latin1;

--
-- Dumping data untuk tabel `hasil_pengujian`
--

INSERT INTO `hasil_pengujian` (`id`, `c`, `si`) VALUES
(1, 0, 0.7064062119501),
(2, 1, -0.60988668213364),
(3, 2, -0.57615710128631);

-- --------------------------------------------------------

--
-- Struktur dari tabel `kelurahan`
--

CREATE TABLE `kelurahan` (
  `id_kelurahan` int(11) NOT NULL,
  `nama_kelurahan` varchar(128) NOT NULL
) ENGINE=InnoDB DEFAULT CHARSET=utf8mb4;

--
-- Dumping data untuk tabel `kelurahan`
--

INSERT INTO `kelurahan` (`id_kelurahan`, `nama_kelurahan`) VALUES
(71150, 'Manggarai'),
(711502, 'Makasar'),
(1, 'Tambun'),
(2, 'Ambon'),
(3, 'Maluku'),
(4, 'Matraman'),
(5, 'Kayu Manis'),
(7, 'Tegalan'),
(8, 'Utan Kayu'),
(9, 'Bojong Gede'),
(10, 'Kranji'),
(2147483647, 'Bendungan Hilir');

-- --------------------------------------------------------

--
-- Struktur dari tabel `lokasi`
--

CREATE TABLE `lokasi` (
  `id_lokasi` int(11) NOT NULL,
  `nama_lokasi` varchar(100) NOT NULL
) ENGINE=InnoDB DEFAULT CHARSET=latin1;

--
-- Dumping data untuk tabel `lokasi`
--

INSERT INTO `lokasi` (`id_lokasi`, `nama_lokasi`) VALUES
(1, 'Kabupaten Agam'),
(2, 'Kabupaten Dharmasraya'),
(3, 'Kabupaten Kepulauan Mentawai'),
(4, 'Kabupaten Lima Puluh Kota'),
(5, 'Kabupaten Padang Pariaman'),
(6, 'Kabupaten Pasaman'),
(7, 'Kabupaten Pasaman Barat'),
(8, 'Kabupaten Pesisir Selatan'),
(9, 'Kabupaten Sijunjung'),
(10, 'Kabupaten Solok'),
(11, 'Kabupaten Solok Selatan'),
(12, 'Kabupaten Tanah Datar'),
(13, 'Kota Bukittinggi'),
(14, 'Kota Padang'),
(15, 'Kota Padangpanjang'),
(16, 'Kota Pariaman'),
(17, 'Kota Payakumbuh'),
(18, 'Kota Sawahlunto'),
(19, 'Kota Solok'),
(20, 'Kota SourceCodeKu.com'),
(21, 'Kabupaten Agam');

-- --------------------------------------------------------

--
-- Struktur dari tabel `tanaman`
--

CREATE TABLE `tanaman` (
  `id_tanaman` int(11) NOT NULL,
  `fk_lokasi` int(11) NOT NULL,
  `produksi` int(11) NOT NULL,
  `luas_panen` int(11) NOT NULL,
  `produktivitas` int(11) NOT NULL,
  `tahun` int(11) NOT NULL
) ENGINE=InnoDB DEFAULT CHARSET=latin1;

--
-- Dumping data untuk tabel `tanaman`
--

INSERT INTO `tanaman` (`id_tanaman`, `fk_lokasi`, `produksi`, `luas_panen`, `produktivitas`, `tahun`) VALUES
(1, 1, 108848, 24275, 44, 2012),
(2, 2, 180962, 31355, 57, 2012),
(3, 3, 62249, 13823, 0, 2012),
(4, 4, 52173, 9044, 57, 2012),
(5, 5, 229722, 45567, 50, 2012),
(6, 6, 301446, 53051, 56, 2012),
(7, 7, 320086, 57678, 55, 2012),
(8, 8, 147930, 31654, 46, 2012),
(9, 9, 360153, 61032, 59, 2012),
(10, 10, 190989, 31951, 59, 2012),
(11, 11, 181167, 38185, 47, 2012),
(12, 12, 216016, 47451, 45, 2012),
(13, 13, 324623, 73032, 44, 2012),
(14, 14, 156476, 41583, 37, 2012),
(15, 15, 571, 181, 31, 2012),
(16, 16, 150779, 25027, 60, 2012),
(17, 17, 194233, 32129, 60, 2012),
(18, 18, 200083, 33875, 59, 2012),
(19, 19, 43706, 7891, 55, 2012),
(39, 1, 91521, 21429, 42, 2013),
(40, 2, 171036, 33552, 50, 2013),
(41, 3, 64970, 11595, 56, 2013),
(42, 4, 151730, 22290, 68, 2013),
(43, 5, 235543, 40385, 58, 2013),
(44, 6, 262405, 46264, 56, 2013),
(45, 7, 297302, 59108, 50, 2013),
(46, 8, 161552, 31533, 51, 2013),
(47, 9, 404403, 60723, 66, 2013),
(48, 10, 178683, 29479, 60, 2013),
(49, 11, 209137, 44979, 46, 2013),
(50, 12, 206315, 48168, 42, 2013),
(51, 13, 272464, 69614, 39, 2013),
(52, 14, 178343, 40709, 43, 2013),
(53, 15, 537, 91, 59, 2013),
(54, 16, 116801, 21876, 53, 2013),
(55, 17, 185524, 27647, 67, 2013),
(56, 18, 239197, 33745, 70, 2013),
(57, 19, 39041, 6722, 58, 2013),
(77, 1, 147641, 21536, 68, 2014),
(78, 2, 243408, 35031, 69, 2014),
(79, 3, 74238, 14111, 52, 2014),
(80, 4, 232657, 35872, 64, 2014),
(81, 5, 317255, 48821, 64, 2014),
(82, 6, 316025, 50053, 63, 2014),
(83, 7, 272764, 48821, 55, 2014),
(84, 8, 190905, 32339, 59, 2014),
(85, 9, 418141, 55654, 75, 2014),
(86, 10, 133402, 21700, 61, 2014),
(87, 11, 182305, 39983, 45, 2014),
(88, 12, 257174, 45960, 55, 2014),
(89, 13, 345079, 70500, 48, 2014),
(90, 14, 199534, 41690, 47, 2014),
(91, 15, 799, 119, 67, 2014),
(92, 16, 135107, 22724, 59, 2014),
(93, 17, 242795, 31896, 76, 2014),
(94, 18, 267650, 33497, 79, 2014),
(95, 19, 33472, 5712, 58, 2014),
(115, 1, 102294, 20072, 50, 2015),
(116, 2, 246564, 35163, 70, 2015),
(117, 3, 59444, 10792, 55, 2015),
(118, 4, 262850, 38767, 67, 2015),
(119, 5, 273529, 48180, 56, 2015),
(120, 6, 300068, 49398, 60, 2015),
(121, 7, 306479, 56088, 54, 2015),
(122, 8, 167234, 29810, 56, 2015),
(123, 9, 384881, 57118, 67, 2015),
(124, 10, 120911, 20581, 58, 2015),
(125, 11, 179348, 41681, 43, 2015),
(126, 12, 301733, 54924, 54, 2015),
(127, 13, 318557, 68474, 46, 2015),
(128, 14, 215836, 44537, 48, 2015),
(129, 15, 446, 79, 56, 2015),
(130, 16, 122617, 23807, 51, 2015),
(131, 17, 197353, 28410, 69, 2015),
(132, 18, 235951, 29449, 80, 2015),
(133, 19, 29029, 5653, 51, 2015),
(153, 1, 101887, 20401, 49, 2016),
(154, 2, 193720, 32245, 60, 2016),
(155, 3, 76415, 12972, 58, 2016),
(156, 4, 256180, 40387, 63, 2016),
(157, 5, 321769, 49805, 64, 2016),
(158, 6, 318023, 50664, 62, 2016),
(159, 7, 285630, 49209, 58, 2016),
(160, 8, 135772, 29704, 45, 2016),
(161, 9, 390759, 59858, 65, 2016),
(162, 10, 137031, 22555, 60, 2016),
(163, 11, 154920, 35160, 44, 2016),
(164, 12, 265725, 50666, 52, 2016),
(165, 13, 233783, 61163, 38, 2016),
(166, 14, 233623, 47531, 49, 2016),
(167, 15, 217, 26, 83, 2016),
(168, 16, 109252, 23506, 46, 2016),
(169, 17, 233448, 30540, 76, 2016),
(170, 18, 213160, 28971, 73, 2016),
(171, 19, 30560, 6003, 50, 2016),
(191, 1, 100013, 20185, 49, 2017),
(192, 2, 238283, 34935, 68, 2017),
(193, 3, 90076, 14138, 63, 2017),
(194, 4, 324452, 46642, 69, 2017),
(195, 5, 360357, 55187, 65, 2017),
(196, 6, 362501, 51480, 70, 2017),
(197, 7, 287175, 45251, 63, 2017),
(198, 8, 134493, 30901, 43, 2017),
(199, 9, 427064, 62309, 68, 2017),
(200, 10, 183612, 30627, 59, 2017),
(201, 11, 132846, 30268, 43, 2017),
(202, 12, 241091, 48516, 49, 2017),
(203, 13, 207461, 52800, 39, 2017),
(204, 14, 250518, 44340, 56, 2017),
(205, 15, 687, 116, 59, 2017),
(206, 16, 125882, 23091, 54, 2017),
(207, 17, 211164, 29412, 71, 2017),
(208, 18, 241546, 30292, 79, 2017),
(209, 19, 38187, 6252, 61, 2017),
(229, 1, 130996, 21295, 61, 2018),
(230, 2, 259501, 38802, 66, 2018),
(231, 3, 75717, 15340, 49, 2018),
(232, 4, 296497, 44624, 66, 2018),
(233, 5, 316797, 50461, 62, 2018),
(234, 6, 309751, 47513, 65, 2018),
(235, 7, 344140, 54051, 63, 2018),
(236, 8, 112767, 25935, 43, 2018),
(237, 9, 402031, 62836, 63, 2018),
(238, 10, 213909, 30706, 69, 2018),
(239, 11, 114518, 26014, 44, 2018),
(240, 12, 271852, 55100, 49, 2018),
(241, 13, 272669, 59217, 46, 2018),
(242, 14, 272838, 44151, 61, 2018),
(243, 15, 681, 110, 61, 2018),
(244, 16, 131135, 25264, 51, 2018),
(245, 17, 241325, 31626, 76, 2018),
(246, 18, 164945, 24755, 66, 2018),
(247, 19, 40867, 6227, 65, 2018),
(267, 1, 97446, 19116, 50, 2019),
(268, 2, 220705, 34356, 64, 2019),
(269, 3, 67642, 11179, 60, 2019),
(270, 4, 269528, 41277, 65, 2019),
(271, 5, 312385, 52098, 59, 2019),
(272, 6, 345757, 51273, 67, 2019),
(273, 7, 260458, 44933, 57, 2019),
(274, 8, 137507, 24223, 56, 2019),
(275, 9, 471285, 64236, 73, 2019),
(276, 10, 207513, 32351, 64, 2019),
(277, 11, 130516, 31573, 41, 2019),
(278, 12, 248421, 49672, 50, 2019),
(279, 13, 270441, 58078, 46, 2019),
(280, 14, 284785, 46744, 60, 2019),
(281, 15, 1415, 220, 64, 2019),
(282, 16, 151967, 23608, 64, 2019),
(283, 17, 254234, 37593, 67, 2019),
(284, 18, 208248, 28638, 72, 2019),
(285, 19, 52277, 8434, 61, 2019),
(305, 1, 108848, 24275, 45, 2020),
(306, 2, 180962, 31355, 58, 2020),
(307, 3, 62249, 13823, 40, 2020),
(308, 4, 52173, 9044, 58, 2020),
(309, 5, 229722, 45567, 50, 2020),
(310, 6, 301446, 53051, 57, 2020),
(311, 7, 320086, 57678, 56, 2020),
(312, 8, 147930, 31654, 47, 2020),
(313, 9, 360153, 61032, 59, 2020),
(314, 10, 190989, 31951, 60, 2020),
(315, 11, 181167, 38185, 47, 2020),
(316, 12, 216016, 47451, 46, 2020),
(317, 13, 324623, 73032, 44, 2020),
(318, 14, 156476, 41583, 38, 2020),
(319, 15, 571, 181, 32, 2020),
(320, 16, 150779, 25027, 60, 2020),
(321, 17, 194233, 32129, 60, 2020),
(322, 18, 200083, 33875, 59, 2020),
(323, 19, 43706, 7891, 55, 2020),
(324, 20, 50900, 7100, 50, 2012),
(325, 1, 0, 0, 0, 2014),
(326, 1, 123, 123, 123, 2010);

-- --------------------------------------------------------

--
-- Struktur dari tabel `user`
--

CREATE TABLE `user` (
  `id_user` int(11) NOT NULL,
  `username` varchar(255) NOT NULL,
  `password` varchar(255) NOT NULL,
  `nama` varchar(100) NOT NULL,
  `email` varchar(50) NOT NULL,
  `level` int(11) NOT NULL
) ENGINE=InnoDB DEFAULT CHARSET=latin1;

--
-- Dumping data untuk tabel `user`
--

INSERT INTO `user` (`id_user`, `username`, `password`, `nama`, `email`, `level`) VALUES
(4, 'admin', 'YWRtaW4=', 'Admin', 'admin@sourcecodeku.com', 1),
(5, 'user', 'dXNlcg==', 'User', 'user@sourcecodeku.com', 2),
(8, 'ilham', 'aWxoYW0=', 'ilham', 'ilham@gmial.com', 2),
(9, 'coba', 'Y29iYQ==', 'coba', 'coba', 3);

--
-- Indexes for dumped tables
--

--
-- Indeks untuk tabel `centroid_temp`
--
ALTER TABLE `centroid_temp`
  ADD PRIMARY KEY (`id`);

--
-- Indeks untuk tabel `covid`
--
ALTER TABLE `covid`
  ADD PRIMARY KEY (`id_covid`);

--
-- Indeks untuk tabel `hasil_iterasi`
--
ALTER TABLE `hasil_iterasi`
  ADD PRIMARY KEY (`id`);

--
-- Indeks untuk tabel `hasil_klaster`
--
ALTER TABLE `hasil_klaster`
  ADD PRIMARY KEY (`id_klaster`),
  ADD KEY `fk_tanaman` (`fk_tanaman`);

--
-- Indeks untuk tabel `hasil_klaster1`
--
ALTER TABLE `hasil_klaster1`
  ADD PRIMARY KEY (`id_klaster`);

--
-- Indeks untuk tabel `hasil_pengujian`
--
ALTER TABLE `hasil_pengujian`
  ADD PRIMARY KEY (`id`);

--
-- Indeks untuk tabel `lokasi`
--
ALTER TABLE `lokasi`
  ADD PRIMARY KEY (`id_lokasi`);

--
-- Indeks untuk tabel `tanaman`
--
ALTER TABLE `tanaman`
  ADD PRIMARY KEY (`id_tanaman`),
  ADD KEY `fk_lokasi` (`fk_lokasi`);

--
-- Indeks untuk tabel `user`
--
ALTER TABLE `user`
  ADD PRIMARY KEY (`id_user`);

--
-- AUTO_INCREMENT untuk tabel yang dibuang
--

--
-- AUTO_INCREMENT untuk tabel `centroid_temp`
--
ALTER TABLE `centroid_temp`
  MODIFY `id` int(11) NOT NULL AUTO_INCREMENT, AUTO_INCREMENT=63;

--
-- AUTO_INCREMENT untuk tabel `covid`
--
ALTER TABLE `covid`
  MODIFY `id_covid` int(11) NOT NULL AUTO_INCREMENT, AUTO_INCREMENT=40;

--
-- AUTO_INCREMENT untuk tabel `hasil_iterasi`
--
ALTER TABLE `hasil_iterasi`
  MODIFY `id` int(11) NOT NULL AUTO_INCREMENT, AUTO_INCREMENT=2;

--
-- AUTO_INCREMENT untuk tabel `hasil_klaster`
--
ALTER TABLE `hasil_klaster`
  MODIFY `id_klaster` int(11) NOT NULL AUTO_INCREMENT, AUTO_INCREMENT=380;

--
-- AUTO_INCREMENT untuk tabel `hasil_klaster1`
--
ALTER TABLE `hasil_klaster1`
  MODIFY `id_klaster` int(11) NOT NULL AUTO_INCREMENT, AUTO_INCREMENT=32;

--
-- AUTO_INCREMENT untuk tabel `hasil_pengujian`
--
ALTER TABLE `hasil_pengujian`
  MODIFY `id` int(11) NOT NULL AUTO_INCREMENT, AUTO_INCREMENT=4;

--
-- AUTO_INCREMENT untuk tabel `lokasi`
--
ALTER TABLE `lokasi`
  MODIFY `id_lokasi` int(11) NOT NULL AUTO_INCREMENT, AUTO_INCREMENT=22;

--
-- AUTO_INCREMENT untuk tabel `tanaman`
--
ALTER TABLE `tanaman`
  MODIFY `id_tanaman` int(11) NOT NULL AUTO_INCREMENT, AUTO_INCREMENT=327;

--
-- AUTO_INCREMENT untuk tabel `user`
--
ALTER TABLE `user`
  MODIFY `id_user` int(11) NOT NULL AUTO_INCREMENT, AUTO_INCREMENT=10;
COMMIT;

/*!40101 SET CHARACTER_SET_CLIENT=@OLD_CHARACTER_SET_CLIENT */;
/*!40101 SET CHARACTER_SET_RESULTS=@OLD_CHARACTER_SET_RESULTS */;
/*!40101 SET COLLATION_CONNECTION=@OLD_COLLATION_CONNECTION */;
